asin,sku,account,sub_source,site,live_before,dashboard_original,proposed,validation,decision
B0DH4KYFPD,WCDTBM2PK+RPR44WH2PK,amazon Ledsone,8,UK,"Lampshade for Ceiling Light Shade Industrial Metal Pendant Lighting Ceiling Light Shade, Lamp Shades Ceiling for Indoor Pendant Light Shade Industrial Geometric Ceiling Pendant Light Shade for Wall Light Kitchen Living Room Hallway","Lampshade for Ceiling Light Shade Industrial Metal Pendant Lighting Ceiling Light Shade, Lamp Shades Ceiling for Indoor Pendant Light Shade Industrial Geometric Ceiling Pendant Light Shade for Wall Light Kitchen Living Room Hallway",Lampshade for Ceiling Light Shade Industrial Metal Pendant Lighting Lamp Shades Indoor Geometric Wall Kitchen Living Room Hallway,"ASIN, SKU, account, site, PH, unique listing, live = dashboard original: all PASS",READY_FOR_UPDATE
B0D7944QDY,WCB6BM2PK,amazon Ledsone,8,UK,Unique and Beautiful Matte Black Metal Forest Design Table Lamp | The Light Escapes Through The Gaps and Casts The Forest Against The Table Metal Lampshade Metal Drum Lampshade with Flower Pattern for Pendant Lamps Black Pendant Lamp Shades 4.7×7.9in for Table Lamps Floor Light,Unique and Beautiful Matte Black Metal Forest Design Table Lamp | The Light Escapes Through The Gaps and Casts The Forest Against The Table Metal Lampshade Metal Drum Lampshade with Flower Pattern for Pendant Lamps Black Pendant Lamp Shades 4.7×7.9in for Table Lamps Floor Light,Unique and Beautiful Matte Black Metal Forest Design Table Lamp | The Light Escapes Through Gaps Casts Against Lampshade Drum with Flower Pattern for Pendant Lamps Shades 4.7×7.9in Floor,"ASIN, SKU, account, site, PH, unique listing, live = dashboard original: all PASS",READY_FOR_UPDATE
B0C43LY8DB,WCDTYE+RPR44WH,amazon Ledsone,8,UK,"Black Ceiling Light Wire Basket Metal Basket Pendant Lighting Ceiling Light Shade,Black Pendant Light Industrial Style Light for Indoor Kitchen Islands Living Room 1X E27 Base AC 220V Set of 2 Vintage Ceiling Pendant Light Fitting, 16cm Geometric Cage E27 Industrial Hanging Light Fixture Metal Chandelier Lamp Shade for Bedroom Living Room Dining Room (Black, 1-Light)","Black Ceiling Light Wire Basket Metal Basket Pendant Lighting Ceiling Light Shade,Black Pendant Light Industrial Style Light for Indoor Kitchen Islands Living Room 1X E27 Base AC 220V Set of 2 Vintage Ceiling Pendant Light Fitting, 16cm Geometric Cage E27 Industrial Hanging Light Fixture Metal Chandelier Lamp Shade for Bedroom Living Room Dining Room (Black, 1-Light)","Black Ceiling Light Wire Basket Metal Pendant Lighting Shade,Black Industrial Style for Indoor Kitchen Islands Living Room 1X E27 Base AC 220V Set of 2 Vintage Fitting, 16cm Geometric Cage Hanging Fixture Chandelier Lamp Shade Bedroom Dining 1-Light)","ASIN, SKU, account, site, PH, unique listing, live = dashboard original: all PASS",READY_FOR_UPDATE
B0GXB7RGZK,WCBSF90FG2PK+RPR44WH2PK,amazon Ledsone,8,UK,"Modern Sun Flower French Gold Crystal Pendant Light Shade, Jewels Modern Easy Fit Ceiling Light Shade with Diameter 9 cm - Height 14 cm Lamp Shades for Bedroom Kitchen Living Room","Modern Sun Flower French Gold Crystal Pendant Light Shade, Jewels Modern Easy Fit Ceiling Light Shade with Diameter 9 cm - Height 14 cm Lamp Shades for Bedroom Kitchen Living Room","Modern Sun Flower French Gold Crystal Pendant Light Shade, Jewels Easy Fit Ceiling with Diameter 9 cm - Height 14 Lamp Shades for Bedroom Kitchen Living Room","ASIN, SKU, account, site, PH, unique listing, live = dashboard original: all PASS",READY_FOR_UPDATE
B0D59MHSXN,WCB3WH2PK+RPR44WH2PK VD,amazon Dcvoltage,6,UK,Lampshade for Ceiling Light Shade Industrial Metal Pendant Lighting Easy Fit Light Pendant Modern Ceiling Lighting Shade Ceiling for Indoor Pendant Light Shade Industrial Geometric Ceiling Pendant Light Shade for Wall Light Kitchen Living Room Hallway,Lampshade for Ceiling Light Shade Industrial Metal Pendant Lighting Easy Fit Light Pendant Modern Ceiling Lighting Shade Ceiling for Indoor Pendant Light Shade Industrial Geometric Ceiling Pendant Light Shade for Wall Light Kitchen Living Room Hallway,Lampshade for Ceiling Light Shade Industrial Metal Pendant Lighting Easy Fit Modern Indoor Geometric Wall Kitchen Living Room Hallway,"ASIN, SKU, account, site, PH, unique listing, live = dashboard original: all PASS",READY_FOR_UPDATE
B0CBLWLZ4W,"WCWDBM2PK+RPR44WH2PK, WCWDBM2PK+RPR44WH2PK_AMD, WCWDBM2PK+RPR44WH2PK_DCVV",amazon Dcvoltage,,UK,,,,no listing keywords on record,SKIPPED - MISSING DATA
B0DTHZ1JX5,WCDTBM3PK+RPR44WH3PK AM,amazon Ledsone,8,UK,"black wire lampshade, black wire light shade, cage light shade, wire lampshade, black metal light shades ceiling, black metal light shade, metal lamp shades ceilings, black metal lampshade, black light shades, black light shade, geometric lampshade, industrial light shade,","black wire lampshade, black wire light shade, cage light shade, wire lampshade, black metal light shades ceiling, black metal light shade, metal lamp shades ceilings, black metal lampshade, black light shades, black light shade, geometric lampshade, industrial light shade,","black wire lampshade, light shade, cage metal shades ceiling, lamp ceilings, geometric industrial","ASIN, SKU, account, site, PH, unique listing, live = dashboard original: all PASS",READY_FOR_UPDATE
B0D9RQQZYB,WCDCBM3PK+RPR44WH3PK M,amazon Ledsone,8,UK,lamp shades ceiling light shade lamp shade lampshades for ceiling lights ceiling light shade light shade ceiling light fittings ceilings lampshade rattan lampshade light shades light shades ceiling living room lampshades ceiling lampshades iron wire cages lamp shades ceiling light shade ceiling light shade lampshade for ceiling lampshade gold light shade lamps shades metal lampshade lamp shade ceiling black wire lampshade copper ceiling lights copper light shade,lamp shades ceiling light shade lamp shade lampshades for ceiling lights ceiling light shade light shade ceiling light fittings ceilings lampshade rattan lampshade light shades light shades ceiling living room lampshades ceiling lampshades iron wire cages lamp shades ceiling light shade ceiling light shade lampshade for ceiling lampshade gold light shade lamps shades metal lampshade lamp shade ceiling black wire lampshade copper ceiling lights copper light shade,lamp shades ceiling light shade lampshades for lights fittings ceilings lampshade rattan living room iron wire cages gold lamps metal black copper,"ASIN, SKU, account, site, PH, unique listing, live = dashboard original: all PASS",READY_FOR_UPDATE
B0D9RQQZYB,WCDCBM3PK+RPR44WH3PK_AB,amazon Ledsone,8,UK,"Metal Lamp Shades, Wire Cage Light Shade, Lip-Less Light Cover, Replacement for Pendant Light, Wall Sconce, Black Black Ceiling Light Wire Basket Metal Basket Pendant Lighting Ceiling Light Shade, Ceiling Fitting Light & Industrial Style Light for Indoor Pendant Light Shade lamp Shade","Metal Lamp Shades, Wire Cage Light Shade, Lip-Less Light Cover, Replacement for Pendant Light, Wall Sconce, Black Black Ceiling Light Wire Basket Metal Basket Pendant Lighting Ceiling Light Shade, Ceiling Fitting Light & Industrial Style Light for Indoor Pendant Light Shade lamp Shade","Metal Lamp Shades, Wire Cage Light Shade, Lip-Less Cover, Replacement for Pendant Wall Sconce, Black Ceiling Basket Lighting Fitting & Industrial Style Indoor","ASIN, SKU, account, site, PH, unique listing, live = dashboard original: all PASS",READY_FOR_UPDATE
B0DTPB2YC2,WCB2BM3PK+RPR44WH3PK BM_,amazon Ledsone,8,UK,Matte Black and Acrylic Gem Moroccan Style Chandelier Pendant Light Shade Fitting with Clear Beads | 11w | 24cm Diameter by Unique Moroccan Designed Matte Black Metal Circular Pendant Light Shade with Floral Decor | 30cm Diameter | Maximum 11watt LED Allowed,Matte Black and Acrylic Gem Moroccan Style Chandelier Pendant Light Shade Fitting with Clear Beads | 11w | 24cm Diameter by Unique Moroccan Designed Matte Black Metal Circular Pendant Light Shade with Floral Decor | 30cm Diameter | Maximum 11watt LED Allowed,Matte Black and Acrylic Gem Moroccan Style Chandelier Pendant Light Shade Fitting with Clear Beads | 11w | 24cm Diameter by Unique Designed Metal Circular Floral Decor | 30cm | Maximum 11watt LED Allowed,"ASIN, SKU, account, site, PH, unique listing, live = dashboard original: all PASS",READY_FOR_UPDATE
B0CDBYNK9B,WCB3BS+RPR44WH C,amazon Ledsone,8,UK,"Metal Lampshade Metal Drum Lampshade with Flower Pattern for Pendant Lamps Black Pendant Lamp Shades 4.7×7.9in for Table Lamps Floor Light Modern Ornate Shabby Chic Ceiling Light Shade | Pendant Lights, Home Décor & Improvement Essential | 18cm Shade Width Unique and Beautiful Matte Black Metal Forest Design Pendant Shade | Light Escapes Through The Gaps and Casts The Forest Against The Walls and Ceiling by","Metal Lampshade Metal Drum Lampshade with Flower Pattern for Pendant Lamps Black Pendant Lamp Shades 4.7×7.9in for Table Lamps Floor Light Modern Ornate Shabby Chic Ceiling Light Shade | Pendant Lights, Home Décor & Improvement Essential | 18cm Shade Width Unique and Beautiful Matte Black Metal Forest Design Pendant Shade | Light Escapes Through The Gaps and Casts The Forest Against The Walls and Ceiling by","Metal Lampshade Drum with Flower Pattern for Pendant Lamps Black Lamp Shades 4.7×7.9in Table Floor Light Modern Ornate Shabby Chic Ceiling Shade | Lights, Home Décor & Improvement Essential | 18cm Width Unique and Beautiful Matte Forest Design | Escapes Through The Gaps Casts Against Walls by","ASIN, SKU, account, site, PH, unique listing, live = dashboard original: all PASS",READY_FOR_UPDATE
B09MQSJ72N,WCB4BC+RPR44WH,amazon Ledsone,8,UK,"Modern Ornate Shabby Chic Ceiling Light Shade | Pendant Lights, Home Décor & Improvement Essential | 18cm Shade Width Metal Lampshade Metal Drum Lampshade with Flower Pattern for Pendant Lamps Black Pendant Lamp Shades 4.7×7.9in for Table Lamps Floor Light Ceiling light shade Ceiling lampshades Pendant light shades Industrial ceiling light, Ceiling lampshade UK Pendant cages Light cages Cages Ceiling cages Light shades Hanging lampshade Bedroom lampshade Lampshades for floor lamps","Modern Ornate Shabby Chic Ceiling Light Shade | Pendant Lights, Home Décor & Improvement Essential | 18cm Shade Width Metal Lampshade Metal Drum Lampshade with Flower Pattern for Pendant Lamps Black Pendant Lamp Shades 4.7×7.9in for Table Lamps Floor Light Ceiling light shade Ceiling lampshades Pendant light shades Industrial ceiling light, Ceiling lampshade UK Pendant cages Light cages Cages Ceiling cages Light shades Hanging lampshade Bedroom lampshade Lampshades for floor lamps","Modern Ornate Shabby Chic Ceiling Light Shade | Pendant Lights, Home Décor & Improvement Essential | 18cm Width Metal Lampshade Drum with Flower Pattern for Lamps Black Lamp Shades 4.7×7.9in Table Floor lampshades Industrial UK cages Hanging Bedroom","ASIN, SKU, account, site, PH, unique listing, live = dashboard original: all PASS",READY_FOR_UPDATE
B0C43N2F3D,WCDTWH+RPR44WH,amazon Ledsone,8,UK,hanging lamp shade bulb cover wire shade ceiling lampshade wire cage for diy style industrial wall light fitting lampshades wire shade stylish metallic birds slim inside one ceiling oversized japanese designer cages elegant lighshade steel wire cage shade jewel scandi cube lamo light coloured spiderman lavender patterned bulb through crushed centre study moon binding wide cottage vintage light shade shafe lamp shades lampshade lights fittings hallway bathroom black bedroom bathroom bulb,hanging lamp shade bulb cover wire shade ceiling lampshade wire cage for diy style industrial wall light fitting lampshades wire shade stylish metallic birds slim inside one ceiling oversized japanese designer cages elegant lighshade steel wire cage shade jewel scandi cube lamo light coloured spiderman lavender patterned bulb through crushed centre study moon binding wide cottage vintage light shade shafe lamp shades lampshade lights fittings hallway bathroom black bedroom bathroom bulb,hanging lamp shade bulb cover wire ceiling lampshade cage for diy style industrial wall light fitting lampshades stylish metallic birds slim inside one oversized japanese designer cages elegant lighshade steel jewel scandi cube lamo coloured spiderman lavender patterned through crushed centre study moon binding wide cottage vintage shafe shades lights fittings hallway bathroom black bedroom,"ASIN, SKU, account, site, PH, unique listing, live = dashboard original: all PASS",READY_FOR_UPDATE
B0D59PP6PC,WCB1BM2PK+RPR44WH2PK VD,amazon Dcvoltage,6,UK,"Lampshade for Ceiling Light Shade Industrial Metal Pendant Lighting Ceiling Light Shade, Lamp Shades Ceiling for Indoor Pendant Light Shade Industrial Geometric Ceiling Pendant Light Shade for Wall Light Kitchen Living Room Hallway","Lampshade for Ceiling Light Shade Industrial Metal Pendant Lighting Ceiling Light Shade, Lamp Shades Ceiling for Indoor Pendant Light Shade Industrial Geometric Ceiling Pendant Light Shade for Wall Light Kitchen Living Room Hallway",Lampshade for Ceiling Light Shade Industrial Metal Pendant Lighting Lamp Shades Indoor Geometric Wall Kitchen Living Room Hallway,"ASIN, SKU, account, site, PH, unique listing, live = dashboard original: all PASS",READY_FOR_UPDATE
B0C43L42DK,WCDTRE+RPR44WH,amazon Ledsone,8,UK,"Metal Ceiling Lamp Shade, Geometric Lampshade with Reducer Ring, Pendant Wire Cage Light Shade for Kitchen, Dinning Room, Bedroom, Hallway, Rose Gold","Metal Ceiling Lamp Shade, Geometric Lampshade with Reducer Ring, Pendant Wire Cage Light Shade for Kitchen, Dinning Room, Bedroom, Hallway, Rose Gold","Metal Ceiling Lamp Shade, Geometric Lampshade with Reducer Ring, Pendant Wire Cage Light for Kitchen, Dinning Room, Bedroom, Hallway, Rose Gold","ASIN, SKU, account, site, PH, unique listing, live = dashboard original: all PASS",READY_FOR_UPDATE
B0D93PN1ZS,WCDTGR2PK+RPR44WH2PK,amazon Ledsone,8,UK,cage light shade geometric lampshade copper lampshade geometric light shade wire lampshade industrial light shade black wire lampshade black metal light shade metal lamp shade industrial metal lamp shades lamp shades ceiling black black metal light shades ceiling metal lamp shades ceilings black light shades black pendant light shade black lamp shades,cage light shade geometric lampshade copper lampshade geometric light shade wire lampshade industrial light shade black wire lampshade black metal light shade metal lamp shade industrial metal lamp shades lamp shades ceiling black black metal light shades ceiling metal lamp shades ceilings black light shades black pendant light shade black lamp shades,cage light shade geometric lampshade copper wire industrial black metal lamp shades ceiling ceilings pendant,"ASIN, SKU, account, site, PH, unique listing, live = dashboard original: all PASS",READY_FOR_UPDATE
B084RL7K8J,LSBLP4BSR,amazon Ledsone,8,UK,geometric lampshade black cage light pendant black cage light Lampshades Ceiling light shade Ceiling lampshades Pendant light shades Light shade ceiling Chandelier lampshade Light shades Ceiling light shades Pendant shades Hanging lampshade,geometric lampshade black cage light pendant black cage light Lampshades Ceiling light shade Ceiling lampshades Pendant light shades Light shade ceiling Chandelier lampshade Light shades Ceiling light shades Pendant shades Hanging lampshade,geometric lampshade black cage light pendant Lampshades Ceiling shade shades Chandelier Hanging,"ASIN, SKU, account, site, PH, unique listing, live = dashboard original: all PASS",READY_FOR_UPDATE
B08VGPPCY1,WCDTBM+RPR44WH R,amazon Dcvoltage,6,UK,lamp shades ceiling light shade lamp shade lampshades for ceiling lights ceiling light shade light shade ceiling light fittings ceilings lampshade rattan lampshade light shades light shades ceiling living room lampshades ceiling lampshades,lamp shades ceiling light shade lamp shade lampshades for ceiling lights ceiling light shade light shade ceiling light fittings ceilings lampshade rattan lampshade light shades light shades ceiling living room lampshades ceiling lampshades,lamp shades ceiling light shade lampshades for lights fittings ceilings lampshade rattan living room,"ASIN, SKU, account, site, PH, unique listing, live = dashboard original: all PASS",READY_FOR_UPDATE
B0FXFMZLWV,WCBCFBM2PK,amazon Ledsone,8,UK,black ceiling light shade modern pendant light shade metal cage lampshade industrial ceiling lamp easy fit ceiling shade E27 pendant lampshade 30cm light shade decorative ceiling lighting lampshade for bedroom lampshade for kitchen black lampshade set ceiling light cover industrial pendant lamp wire cage ceiling shade modern home lighting black drum lampshade minimalist light fixture retro ceiling lampshade,black ceiling light shade modern pendant light shade metal cage lampshade industrial ceiling lamp easy fit ceiling shade E27 pendant lampshade 30cm light shade decorative ceiling lighting lampshade for bedroom lampshade for kitchen black lampshade set ceiling light cover industrial pendant lamp wire cage ceiling shade modern home lighting black drum lampshade minimalist light fixture retro ceiling lampshade,black ceiling light shade modern pendant metal cage lampshade industrial lamp easy fit E27 30cm decorative lighting for bedroom kitchen set cover wire home drum minimalist fixture retro,"ASIN, SKU, account, site, PH, unique listing, live = dashboard original: all PASS",READY_FOR_UPDATE
B0CCDR7C3Y,WCVCBS2PK+RPR44WH2PK,amazon Ledsone,8,UK,"Black Ceiling Light Wire Basket Metal Basket Pendant Lighting Ceiling Light Shade,Black Pendant Light Industrial Style Light for Indoor Kitchen Islands Living Room 1X E27 Base AC 220V Lamp Guard, Black Industrial Vintage Style Light Cage for Pendant Lights, Antique Lamp Holders, Industrial Ceiling Fixture Lamp Shade Iron Wire Diamonds Shape Pack of 3 iron wire cages lamp shades ceiling light shade ceiling light shade lampshade for ceiling lampshade gold light shade lamps shades metal lampshade black wire lampshade copper ceiling lights copper light shade Wire Cages","Black Ceiling Light Wire Basket Metal Basket Pendant Lighting Ceiling Light Shade,Black Pendant Light Industrial Style Light for Indoor Kitchen Islands Living Room 1X E27 Base AC 220V Lamp Guard, Black Industrial Vintage Style Light Cage for Pendant Lights, Antique Lamp Holders, Industrial Ceiling Fixture Lamp Shade Iron Wire Diamonds Shape Pack of 3 iron wire cages lamp shades ceiling light shade ceiling light shade lampshade for ceiling lampshade gold light shade lamps shades metal lampshade black wire lampshade copper ceiling lights copper light shade Wire Cages","Black Ceiling Light Wire Basket Metal Pendant Lighting Shade,Black Industrial Style for Indoor Kitchen Islands Living Room 1X E27 Base AC 220V Lamp Guard, Vintage Cage Lights, Antique Holders, Fixture Shade Iron Diamonds Shape Pack of 3 cages shades lampshade gold lamps copper","ASIN, SKU, account, site, PH, unique listing, live = dashboard original: all PASS",READY_FOR_UPDATE
B0GXB1RGJB,WCBSF90FG+RPR44WH,amazon Ledsone,8,UK,"Gold Easy Fit Metal Cut Out Lampshade Acrylic Jewel Drum Ceiling Light Shade | Shades, Home Décor & Improvement EGold Easy Fit Metal Cut Out Lampshade Acrylic Jewel Drum Ceiling Light Shade | Shades, Home Décor & Improvement Essential | Included LED Bulb ssential | 24cm Shade Width,,","Gold Easy Fit Metal Cut Out Lampshade Acrylic Jewel Drum Ceiling Light Shade | Shades, Home Décor & Improvement EGold Easy Fit Metal Cut Out Lampshade Acrylic Jewel Drum Ceiling Light Shade | Shades, Home Décor & Improvement Essential | Included LED Bulb ssential | 24cm Shade Width,,","Gold Easy Fit Metal Cut Out Lampshade Acrylic Jewel Drum Ceiling Light Shade | Shades, Home Décor & Improvement EGold | & Essential | Included LED Bulb ssential | 24cm Width,,","ASIN, SKU, account, site, PH, unique listing, live = dashboard original: all PASS",READY_FOR_UPDATE
B07RTY1TFK,WCGEBNCR-A,amazon Dcvoltage,6,UK,"ceiling lampshades for bedroom, Brushed copper wire lampshade, pendant light shade, lampshades for ceiling light, lampshades for ceiling, Diamond cage pendant light, Brushed Copper lamp shades ceilings, lampshade, metal lamp shades, bedroom light shades for ceiling, hall light shades bedroom lamp shade, hallway lampshades for ceiling, Diamond shape lamp shade bedroom,ceiling lamp shades bedroom, cage light shade, hallway light shades, ceiling lamp shades for living room, bathroom light shade","ceiling lampshades for bedroom, Brushed copper wire lampshade, pendant light shade, lampshades for ceiling light, lampshades for ceiling, Diamond cage pendant light, Brushed Copper lamp shades ceilings, lampshade, metal lamp shades, bedroom light shades for ceiling, hall light shades bedroom lamp shade, hallway lampshades for ceiling, Diamond shape lamp shade bedroom,ceiling lamp shades bedroom, cage light shade, hallway light shades, ceiling lamp shades for living room, bathroom light shade","ceiling lampshades for bedroom, Brushed copper wire lampshade, pendant light shade, Diamond cage lamp shades ceilings, metal hall hallway shape bedroom,ceiling living room, bathroom","ASIN, SKU, account, site, PH, unique listing, live = dashboard original: all PASS",READY_FOR_UPDATE
B0CCDKF18M,WCB3B+RPR44WH,amazon Ledsone,8,UK,vintage lamp shade industrial lamp shade metal cage lamp shade wire cage light shade black metal lamp shade ceiling pendant lamp shade industrial ceiling light retro pendant light shade loft style lighting e27 lamp shade diy pendant light cage ceiling light metal wire light shade industrial home lighting dining room pendant light bedroom ceiling lamp shade kitchen pendant lighting hallway ceiling light bar pendant light,vintage lamp shade industrial lamp shade metal cage lamp shade wire cage light shade black metal lamp shade ceiling pendant lamp shade industrial ceiling light retro pendant light shade loft style lighting e27 lamp shade diy pendant light cage ceiling light metal wire light shade industrial home lighting dining room pendant light bedroom ceiling lamp shade kitchen pendant lighting hallway ceiling light bar pendant light,vintage lamp shade industrial metal cage wire light black ceiling pendant retro loft style lighting e27 diy home dining room bedroom kitchen hallway bar,"ASIN, SKU, account, site, PH, unique listing, live = dashboard original: all PASS",READY_FOR_UPDATE
B0DTTKL6KX,WCVCBM3PK+RPR44WH3P BM,amazon Dcvoltage,,UK,,,,no listing keywords on record,SKIPPED - MISSING DATA
