asin,sku,kind,cycle_number,latest,backend_keyword_status,live_update_date,live_confirmed_at,live_update_source,monitoring_status,monitoring_detail,week1_start,week1_end,week1_days_loaded,week1_orders,week1_days_with_data,week1_orders_so_far,week2_start,week2_end,week2_days_loaded,week2_orders,week2_days_with_data,week2_orders_so_far,order_change,order_change_pct,performance_status,superseded_by,other_listings_pending,data_through,computed_at
B07RTY1TFK,WCGEBNCR-A,cycle,1,True,Live-verified,2026-09-29,2026-09-28T17:26:12,original submission POST Accepted (common monitoring anchor),Monitoring — Week 2,Week 1 complete; Week 2 1/7 days loaded,2026-09-29,2026-10-05,7,0,7,,2026-10-06,2026-10-12,1,,1,0,,,Monitoring in progress,,[],2026-10-06,2026-10-08T09:11:05
B084RL7K8J,LSBLP4BSR,cycle,1,True,Live-verified,2026-09-29,2026-09-28T17:24:56,original submission POST Accepted (common monitoring anchor),Monitoring — Week 2,Week 1 complete; Week 2 1/7 days loaded,2026-09-29,2026-10-05,7,0,7,,2026-10-06,2026-10-12,1,,1,0,,,Monitoring in progress,,[],2026-10-06,2026-10-08T09:11:05
B08VGPPCY1,WCDTBM+RPR44WH R,cycle,1,True,Live-verified,2026-09-29,2026-09-28T17:25:11,original submission POST Accepted (common monitoring anchor),Monitoring — Week 2,Week 1 complete; Week 2 1/7 days loaded,2026-09-29,2026-10-05,7,0,7,,2026-10-06,2026-10-12,1,,1,0,,,Monitoring in progress,,[],2026-10-06,2026-10-08T09:11:05
B09MQSJ72N,WCB4BC+RPR44WH,cycle,1,True,Live-verified,2026-09-29,2026-09-28T17:23:35,original submission POST Accepted (common monitoring anchor),Monitoring — Week 2,Week 1 complete; Week 2 1/7 days loaded,2026-09-29,2026-10-05,7,0,7,,2026-10-06,2026-10-12,1,,1,0,,,Monitoring in progress,,[],2026-10-06,2026-10-08T09:11:05
B0C43L42DK,WCDTRE+RPR44WH,cycle,1,True,Live-verified,2026-09-29,2026-09-28T17:24:20,original submission POST Accepted (common monitoring anchor),Monitoring — Week 2,Week 1 complete; Week 2 1/7 days loaded,2026-09-29,2026-10-05,7,4,7,,2026-10-06,2026-10-12,1,,1,0,,,Monitoring in progress,,[],2026-10-06,2026-10-08T09:11:05
B0C43LY8DB,WCDTYE+RPR44WH,cycle,1,True,Live-verified,2026-09-29,2026-09-28T17:21:32,original submission POST Accepted (common monitoring anchor),Monitoring — Week 2,Week 1 complete; Week 2 1/7 days loaded,2026-09-29,2026-10-05,7,0,7,,2026-10-06,2026-10-12,1,,1,0,,,Monitoring in progress,,[],2026-10-06,2026-10-08T09:11:05
B0C43N2F3D,WCDTWH+RPR44WH,cycle,1,True,Live-verified,2026-09-29,2026-09-28T17:23:50,original submission POST Accepted (common monitoring anchor),Monitoring — Week 2,Week 1 complete; Week 2 1/7 days loaded,2026-09-29,2026-10-05,7,0,7,,2026-10-06,2026-10-12,1,,1,0,,,Monitoring in progress,,[],2026-10-06,2026-10-08T09:11:05
B0CBLWLZ4W,WCWDBM2PK+RPR44WH2PK_DCVV,pending,,True,Read Failed (not in the Listing Management feed / identity mismatch),,,,Backend Keyword Update Pending,no confirmed live update yet; the weekly keyword check re-checks it from a fresh GET,,,,,,,,,,,,,,,Not monitored: no accepted backend keyword update yet,,,2026-10-06,2026-10-08T09:11:05
B0CCDKF18M,WCB3B+RPR44WH,cycle,1,True,Live-verified,2026-09-29,2026-09-28T17:26:28,original submission POST Accepted (common monitoring anchor),Monitoring — Week 2,Week 1 complete; Week 2 1/7 days loaded,2026-09-29,2026-10-05,7,1,7,,2026-10-06,2026-10-12,1,,1,0,,,Monitoring in progress,,[],2026-10-06,2026-10-08T09:11:05
B0CCDR7C3Y,WCVCBS2PK+RPR44WH2PK,cycle,1,True,Live-verified,2026-09-29,2026-09-28T17:25:42,original submission POST Accepted (common monitoring anchor),Monitoring — Week 2,Week 1 complete; Week 2 1/7 days loaded,2026-09-29,2026-10-05,7,0,7,,2026-10-06,2026-10-12,1,,1,0,,,Monitoring in progress,,[],2026-10-06,2026-10-08T09:11:05
B0CDBYNK9B,WCB3BS+RPR44WH C,cycle,1,True,Live-verified,2026-09-29,2026-09-28T17:23:19,original submission POST Accepted (common monitoring anchor),Monitoring — Week 2,Week 1 complete; Week 2 1/7 days loaded,2026-09-29,2026-10-05,7,0,7,,2026-10-06,2026-10-12,1,,1,0,,,Monitoring in progress,,[],2026-10-06,2026-10-08T09:11:05
B0D59MHSXN,WCB3WH2PK+RPR44WH2PK VD,cycle,1,True,Live-verified,2026-09-29,2026-09-28T17:22:03,original submission POST Accepted (common monitoring anchor),Monitoring — Week 2,Week 1 complete; Week 2 1/7 days loaded,2026-09-29,2026-10-05,7,1,7,,2026-10-06,2026-10-12,1,,1,0,,,Monitoring in progress,,[],2026-10-06,2026-10-08T09:11:05
B0D59PP6PC,WCB1BM2PK+RPR44WH2PK VD,cycle,1,True,Live-verified,2026-09-29,2026-09-28T17:24:05,original submission POST Accepted (common monitoring anchor),Monitoring — Week 2,Week 1 complete; Week 2 1/7 days loaded,2026-09-29,2026-10-05,7,0,7,,2026-10-06,2026-10-12,1,,1,0,,,Monitoring in progress,,[],2026-10-06,2026-10-08T09:11:05
B0D7944QDY,WCB6BM2PK,cycle,1,True,Live-verified,2026-09-29,2026-09-28T17:21:17,original submission POST Accepted (common monitoring anchor),Monitoring — Week 2,Week 1 complete; Week 2 1/7 days loaded,2026-09-29,2026-10-05,7,0,7,,2026-10-06,2026-10-12,1,,1,0,,,Monitoring in progress,,[],2026-10-06,2026-10-08T09:11:05
B0D93PN1ZS,WCDTGR2PK+RPR44WH2PK,cycle,1,True,Live-verified,2026-09-29,2026-09-28T17:24:41,original submission POST Accepted (common monitoring anchor),Monitoring — Week 2,Week 1 complete; Week 2 1/7 days loaded,2026-09-29,2026-10-05,7,0,7,,2026-10-06,2026-10-12,1,,1,0,,,Monitoring in progress,,[],2026-10-06,2026-10-08T09:11:05
B0D9RQQZYB,"WCDCBM3PK+RPR44WH3PK M, WCDCBM3PK+RPR44WH3PK_AB",cycle,1,True,Live-verified,2026-09-29,2026-09-28T17:22:34,original submission POST Accepted (common monitoring anchor),Monitoring — Week 2,Week 1 complete; Week 2 1/7 days loaded,2026-09-29,2026-10-05,7,1,7,,2026-10-06,2026-10-12,1,,1,1,,,Monitoring in progress,,[],2026-10-06,2026-10-08T09:11:05
B0DH4KYFPD,WCDTBM2PK+RPR44WH2PK,cycle,1,True,Live-verified,2026-09-29,2026-09-28 (run 1),original submission POST Accepted (common monitoring anchor),Monitoring — Week 2,Week 1 complete; Week 2 1/7 days loaded,2026-09-29,2026-10-05,7,26,7,,2026-10-06,2026-10-12,1,,1,4,,,Monitoring in progress,,[],2026-10-06,2026-10-08T09:11:05
B0DTHZ1JX5,WCDTBM3PK+RPR44WH3PK AM,cycle,1,True,Live-verified,2026-09-29,2026-09-28T17:22:18,original submission POST Accepted (common monitoring anchor),Monitoring — Week 2,Week 1 complete; Week 2 1/7 days loaded,2026-09-29,2026-10-05,7,3,7,,2026-10-06,2026-10-12,1,,1,1,,,Monitoring in progress,,[],2026-10-06,2026-10-08T09:11:05
B0DTPB2YC2,WCB2BM3PK+RPR44WH3PK BM_,cycle,1,True,Live-verified,2026-09-29,2026-09-28T17:23:04,original submission POST Accepted (common monitoring anchor),Monitoring — Week 2,Week 1 complete; Week 2 1/7 days loaded,2026-09-29,2026-10-05,7,0,7,,2026-10-06,2026-10-12,1,,1,0,,,Monitoring in progress,,[],2026-10-06,2026-10-08T09:11:05
B0FXFMZLWV,WCBCFBM2PK,cycle,1,True,Live-verified,2026-09-29,2026-09-28T17:25:26,original submission POST Accepted (common monitoring anchor),Monitoring — Week 2,Week 1 complete; Week 2 1/7 days loaded,2026-09-29,2026-10-05,7,1,7,,2026-10-06,2026-10-12,1,,1,0,,,Monitoring in progress,,[],2026-10-06,2026-10-08T09:11:05
B0GXB1RGJB,WCBSF90FG+RPR44WH,cycle,1,True,Live-verified,2026-09-29,2026-09-28T17:25:57,original submission POST Accepted (common monitoring anchor),Monitoring — Week 2,Week 1 complete; Week 2 1/7 days loaded,2026-09-29,2026-10-05,7,0,7,,2026-10-06,2026-10-12,1,,1,0,,,Monitoring in progress,,[],2026-10-06,2026-10-08T09:11:05
B0GXB7RGZK,WCBSF90FG2PK+RPR44WH2PK,cycle,1,True,Live-verified,2026-09-29,2026-09-28T17:21:47,original submission POST Accepted (common monitoring anchor),Monitoring — Week 2,Week 1 complete; Week 2 1/7 days loaded,2026-09-29,2026-10-05,7,0,7,,2026-10-06,2026-10-12,1,,1,0,,,Monitoring in progress,,[],2026-10-06,2026-10-08T09:11:05
